k,inercia,silhouette,ari
2,83309.5703125,0.03280331566929817,0.0019466205589663119
3,81229.109375,0.041596535593271255,0.012170778211667893
4,79608.9921875,0.048169154673814774,0.009677122064055639
5,79695.5625,0.024149809032678604,0.0019061639423264805
6,78111.2890625,0.033646807074546814,0.029519260722610456
7,77574.78125,0.04492012783885002,0.012411281813795038
8,76834.4921875,0.04819318279623985,0.008257231061765225
9,76129.0078125,0.030960500240325928,0.008381684998374977
10,75597.171875,0.03501557558774948,0.020652404585090853
