topico,top_termos,prop_negativo,prop_positivo
0,"work, use, get, one, go, try, make, month, time, well",0.18971389645776568,0.10227998722248842
1,"book, read, story, write, author, character, find, one, page, life",0.22297243147940374,0.24351141990097427
2,"cd, song, album, music, listen, sound, best, hear, like, band",0.09152107709568841,0.14468535377735187
3,"movie, watch, see, film, dvd, bad, one, story, funny, make",0.10570604263503766,0.09127934834690944
4,"great, price, easy, recommend, excellent, highly, well, perfect, awesome, use",0.02111716621253406,0.12272400574988021
5,"game, play, fun, graphic, get, player, like, best, ever, level",0.034781214938291394,0.03461907043603258
6,"good, like, really, much, quality, look, pretty, well, price, think",0.08845568200032057,0.10481552467656924
7,"product, order, item, receive, purchase, amazon, would, return, quality, buy",0.11622455521718224,0.0421058936272161
8,"money, waste, dont, buy, time, bad, worth, save, even, spend",0.10171902548485334,0.00928366075706756
9,"love, old, year, daughter, kid, gift, son, child, toy, christmas",0.027788908478922906,0.1046957355055103
