doc,coluna,termo,contagem,tf_sublinear,idf,tfidf
34,0,book,1,1.0,2.3244,0.1133
34,7,read,1,1.0,2.803,0.1366
34,17,dont,1,1.0,2.9233,0.1425
34,22,look,1,1.0,3.1526,0.1537
34,23,even,1,1.0,3.1067,0.1514
34,33,know,1,1.0,3.2881,0.1603
34,52,money,1,1.0,3.552,0.1732
34,95,waste,1,1.0,3.9686,0.1935
34,117,nothing,1,1.0,4.1335,0.2015
34,203,everything,1,1.0,4.5597,0.2223
34,257,already,2,1.6931,4.7143,0.3891
34,364,school,1,1.0,5.1418,0.2507
34,889,seriously,1,1.0,5.966,0.2908
34,1085,apply,1,1.0,6.2675,0.3055
34,1338,law,1,1.0,6.6612,0.3247
34,11206,casually,1,1.0,9.6412,0.47
38,12,work,2,1.6931,2.8588,0.2107
38,26,say,1,1.0,3.2311,0.1406
38,38,come,1,1.0,3.3159,0.1443
38,85,doesnt,1,1.0,3.8727,0.1686
38,98,order,1,1.0,4.0606,0.1767
38,215,line,1,1.0,4.6475,0.2023
38,355,system,1,1.0,5.199,0.2263
38,735,clearly,1,1.0,5.7566,0.2506
38,967,disk,1,1.0,6.4235,0.2796
38,1233,mac,3,2.0986,6.7907,0.6203
38,3459,o,1,1.0,7.9486,0.346
38,3577,windows,1,1.0,7.8882,0.3433
42,0,book,2,1.6931,2.3244,0.134
42,5,great,1,1.0,2.4839,0.0845
42,7,read,1,1.0,2.803,0.0954
42,8,make,1,1.0,2.6688,0.0908
42,14,love,1,1.0,2.9483,0.1003
42,16,go,1,1.0,2.912,0.0991
42,34,story,1,1.0,3.4939,0.1189
42,234,full,1,1.0,4.6759,0.1591
42,551,soon,1,1.0,5.4163,0.1844
42,642,recipe,1,1.0,6.1077,0.2079
42,715,brother,1,1.0,5.8637,0.1996
42,1248,visit,1,1.0,6.4172,0.2184
42,2572,starter,1,1.0,7.4544,0.2537
42,5301,alaska,2,1.6931,8.6522,0.4986
42,22732,sourdough,2,1.6931,11.2523,0.6484
44,3,get,1,1.0,2.3639,0.1125
44,8,make,2,1.6931,2.6688,0.215
44,142,live,1,1.0,4.4049,0.2095
44,209,wish,1,1.0,4.5658,0.2172
44,295,daughter,1,1.0,4.9856,0.2372
44,350,close,1,1.0,5.0032,0.238
44,1483,bread,1,1.0,7.1263,0.339
44,7754,nc,1,1.0,9.1447,0.435
44,8973,autumn,1,1.0,9.3654,0.4455
44,15409,prefect,1,1.0,10.1802,0.4843
48,3,get,1,1.0,2.3639,0.1409
48,6,buy,2,1.6931,2.625,0.265
48,9,would,1,1.0,2.6645,0.1588
48,12,work,2,1.6931,2.8588,0.2886
48,73,dvd,2,1.6931,4.1427,0.4182
48,124,return,1,1.0,4.2319,0.2523
48,148,piece,1,1.0,4.4738,0.2667
48,262,player,1,1.0,5.02,0.2993
48,293,terrible,1,1.0,4.9223,0.2935
48,488,fail,1,1.0,5.3818,0.3208
48,501,junk,1,1.0,5.4632,0.3257
48,539,wife,1,1.0,5.4885,0.3272
58,0,book,1,1.0,2.3244,0.1232
58,9,would,1,1.0,2.6645,0.1412
58,14,love,1,1.0,2.9483,0.1562
58,41,way,1,1.0,3.3962,0.1799
58,101,hard,1,1.0,4.0553,0.2149
58,111,tell,1,1.0,4.1092,0.2177
58,282,gift,1,1.0,4.88,0.2586
58,394,arrive,1,1.0,5.1476,0.2727
58,463,husband,1,1.0,5.3342,0.2826
58,573,date,1,1.0,5.5734,0.2953
58,2027,hunt,1,1.0,7.1326,0.3779
58,30952,thia,1,1.0,11.3779,0.6028
