modelo,metrica,bow,tfidf,tfidf_menos_bow
naive_bayes,f1_validacao,0.843672533194895,0.8407003325934989,-0.0029722006013961355
naive_bayes,acuracia,0.8434775,0.840255,-0.003222500000000017
naive_bayes,precisao,0.8435383141915815,0.840340609140687,-0.0031977050508945615
naive_bayes,recall,0.8434775000000001,0.840255,-0.003222500000000128
naive_bayes,f1,0.8434705726718181,0.8402449538198964,-0.003225618851921741
naive_bayes,tempo_treino_s,0.42464518547058105,0.5791239738464355,0.1544787883758545
svm,f1_validacao,0.8930606851706869,0.8946290919448541,0.0015684067741671415
svm,acuracia,0.8934425,0.89505,0.001607499999999984
svm,precisao,0.893546612844976,0.895082001642133,0.001535388797156978
svm,recall,0.8934425,0.8950499999999999,0.001607499999999873
svm,f1,0.8934354520812178,0.895047874719463,0.0016124226382452367
svm,tempo_treino_s,188.44513702392578,74.4671859741211,-113.97795104980469
