modelo,representacao,faixa_tokens,docs,taxa_erro
naive_bayes,bow,"(-0.001, 19.0]",86219,0.1418364861573435
naive_bayes,bow,"(19.0, 29.0]",79776,0.14328870838347374
naive_bayes,bow,"(29.0, 41.0]",77914,0.15147470287753165
naive_bayes,bow,"(41.0, 58.0]",78258,0.1670116793171305
naive_bayes,bow,"(58.0, 124.0]",77833,0.18086158827232665
naive_bayes,tfidf,"(-0.001, 19.0]",86219,0.14842436121968475
naive_bayes,tfidf,"(19.0, 29.0]",79776,0.14866626554352186
naive_bayes,tfidf,"(29.0, 41.0]",77914,0.15502990476679415
naive_bayes,tfidf,"(41.0, 58.0]",78258,0.1687622990620767
naive_bayes,tfidf,"(58.0, 124.0]",77833,0.17929412973931366
svm,bow,"(-0.001, 19.0]",86219,0.10402579477841312
svm,bow,"(19.0, 29.0]",79776,0.10157190132370637
svm,bow,"(29.0, 41.0]",77914,0.10492337705675488
svm,bow,"(41.0, 58.0]",78258,0.10844897646247029
svm,bow,"(58.0, 124.0]",77833,0.1142060565569874
svm,tfidf,"(-0.001, 19.0]",86219,0.10212366183787797
svm,tfidf,"(19.0, 29.0]",79776,0.10015543521861212
svm,tfidf,"(29.0, 41.0]",77914,0.10342172138511692
svm,tfidf,"(41.0, 58.0]",78258,0.10669835671752409
svm,tfidf,"(58.0, 124.0]",77833,0.11276707823159843
