representacao,classe,palavra,peso
bow,negativo,borefest,-5.509339353547286
bow,negativo,booksave,-5.113335053943349
bow,negativo,booooooring,-5.078848877872181
bow,negativo,returnrefund,-4.913919063790095
bow,negativo,securom,-4.812382644570672
bow,negativo,stinkeroo,-4.749369676741939
bow,negativo,playonlinecom,-4.749369676741939
bow,negativo,junkdo,-4.732975866966262
bow,negativo,badbadbad,-4.716308814481049
bow,negativo,trashbook,-4.682117449732772
bow,negativo,worstwritten,-4.6645731400818615
bow,negativo,playonline,-4.6645731400818615
bow,negativo,pooly,-4.6467155226818555
bow,negativo,ideapoor,-4.610014155831427
bow,negativo,warrentee,-4.610014155831427
bow,positivo,musthave,3.322327714362718
bow,positivo,exelente,3.3450920148491754
bow,positivo,rawest,3.3586515446348066
bow,positivo,mustbuy,3.3921192351058913
bow,positivo,bookhighly,3.443809352975112
bow,positivo,mcvay,3.5471269670031376
bow,positivo,infectiously,3.559322240096959
bow,positivo,espectacular,3.5832754811194505
bow,positivo,timehighly,3.5989313781920043
bow,positivo,wellhighly,3.5989313781920043
bow,positivo,collaboratively,3.6181627401198924
bow,positivo,magnifique,3.805234899672442
bow,positivo,getabstract,3.869477168400799
bow,positivo,gcb,5.025659308890383
bow,positivo,donovancalifornia,5.469986450090595
tfidf,negativo,securom,-3.839663634709689
tfidf,negativo,borefest,-3.5571557739543884
tfidf,negativo,unengaging,-3.5346929647924235
tfidf,negativo,drm,-3.5232437630219593
tfidf,negativo,booooooring,-3.4636625050695358
tfidf,negativo,unwatchable,-3.4339956056087804
tfidf,negativo,unwearable,-3.4234832754253706
tfidf,negativo,itsave,-3.4194639905810007
tfidf,negativo,snoozefest,-3.3895730250242355
tfidf,negativo,unfunny,-3.3775495012746806
tfidf,negativo,worthless,-3.371509988100117
tfidf,negativo,refundi,-3.3677651978688736
tfidf,negativo,booooring,-3.353713067889318
tfidf,negativo,restocking,-3.3453579503166253
tfidf,negativo,dissatisfied,-3.3417715024645602
tfidf,positivo,pricegreat,2.713808247346577
tfidf,positivo,lifesaver,2.73433066356065
tfidf,positivo,pleasantly,2.7569875851537198
tfidf,positivo,mcvay,2.798646241216023
tfidf,positivo,invaluable,2.8129570216707034
tfidf,positivo,espectacular,2.8539822317459507
tfidf,positivo,exelente,2.898444873599349
tfidf,positivo,mustread,3.0008991778156062
tfidf,positivo,underated,3.0778636516279096
tfidf,positivo,gcb,3.102009651123293
tfidf,positivo,magnifique,3.1171450538092778
tfidf,positivo,donovancalifornia,3.220633920757166
tfidf,positivo,mustbuy,3.259371822449184
tfidf,positivo,excelente,3.3032344472264494
tfidf,positivo,musthave,3.3292440341373553
