tokens_de,tokens_ate,negativo,positivo
0.0,1.576271186440678,4,9
1.576271186440678,3.152542372881356,11,16
3.152542372881356,4.728813559322034,9,12
4.728813559322034,6.305084745762712,231,130
6.305084745762712,7.88135593220339,811,587
7.88135593220339,9.457627118644067,10283,9929
9.457627118644067,11.033898305084746,34841,43294
11.033898305084746,12.610169491525424,27186,37415
12.610169491525424,14.186440677966102,64848,90595
14.186440677966102,15.76271186440678,35056,48079
15.76271186440678,17.338983050847457,71718,93196
17.338983050847457,18.915254237288135,35608,44126
18.915254237288135,20.491525423728813,70701,83137
20.491525423728813,22.06779661016949,70293,77958
22.06779661016949,23.64406779661017,34838,37179
23.64406779661017,25.220338983050848,68962,71983
25.220338983050848,26.796610169491526,34225,34340
26.796610169491526,28.372881355932204,66978,66741
28.372881355932204,29.949152542372882,32797,31881
29.949152542372882,31.52542372881356,64318,62072
31.52542372881356,33.101694915254235,63055,59004
33.101694915254235,34.67796610169491,30656,28707
34.67796610169491,36.25423728813559,59553,55183
36.25423728813559,37.83050847457627,28552,26455
37.83050847457627,39.40677966101695,56402,51249
39.40677966101695,40.983050847457626,27475,24688
40.983050847457626,42.559322033898304,53365,47459
42.559322033898304,44.13559322033898,50915,45357
44.13559322033898,45.71186440677966,24715,21987
45.71186440677966,47.28813559322034,47582,41879
47.28813559322034,48.86440677966102,23348,20319
48.86440677966102,50.440677966101696,44759,39399
50.440677966101696,52.016949152542374,42583,37025
52.016949152542374,53.59322033898305,20507,18020
53.59322033898305,55.16949152542373,39388,34811
55.16949152542373,56.74576271186441,19079,16704
56.74576271186441,58.32203389830509,36667,32127
58.32203389830509,59.898305084745765,17882,15392
59.898305084745765,61.47457627118644,33823,29553
61.47457627118644,63.05084745762712,32461,28050
63.05084745762712,64.62711864406779,15226,13555
64.62711864406779,66.20338983050847,29643,26075
66.20338983050847,67.77966101694915,14262,12688
67.77966101694915,69.35593220338983,27764,24266
69.35593220338983,70.9322033898305,13036,11610
70.9322033898305,72.50847457627118,25344,22430
72.50847457627118,74.08474576271186,24118,21480
74.08474576271186,75.66101694915254,11537,10328
75.66101694915254,77.23728813559322,22401,20114
77.23728813559322,78.8135593220339,10885,9472
78.8135593220339,80.38983050847457,20804,18322
80.38983050847457,81.96610169491525,9841,8891
81.96610169491525,83.54237288135593,18687,16997
83.54237288135593,85.11864406779661,17131,15721
85.11864406779661,86.69491525423729,7938,7360
86.69491525423729,88.27118644067797,14142,13265
88.27118644067797,89.84745762711864,6238,5990
89.84745762711864,91.42372881355932,10631,10259
91.42372881355932,93.0,8431,8202
