classe,palavra,log_odds
negativo,drm,-3.484599500225251
negativo,refund,-3.30591083826644
negativo,unwatchable,-3.292677061194512
negativo,worthless,-3.20722679160472
negativo,redeeming,-3.194299734195136
negativo,tripe,-3.182462333603535
negativo,waste,-3.169593330457386
negativo,drivel,-3.110923187411057
negativo,poorly,-3.107146494295093
negativo,uninteresting,-3.076265408744243
negativo,unreliable,-3.056138553914563
negativo,amateurish,-3.048376882486485
negativo,unusable,-3.019907740279617
negativo,unacceptable,-3.01759410988074
negativo,yuck,-3.004048851344944
positivo,timeless,2.1371889558324835
positivo,addictive,2.149102754242316
positivo,touching,2.1891319718707773
positivo,bravo,2.2050907444104464
positivo,heartwarming,2.2112193834360525
positivo,delightful,2.2670892035165604
positivo,unforgettable,2.2731912796333607
positivo,awsome,2.2998077091623657
positivo,excelent,2.3147802107059086
positivo,underrated,2.4100121331216418
positivo,refreshing,2.475698375626031
positivo,pleasantly,2.6616082991207968
positivo,invaluable,2.815212229413145
positivo,mustread,3.0703191402101027
positivo,musthave,3.3156633085415272
